Zelensky tells Russian troops not to trust their commanders or Kremlin propaganda: 'Just save your lives. Leave.'	worldnews	0	0.96	public	57963	False	57963	1646067068.0	False	False	t3jzfh	False	hot	2022-02-28 20:57:24
Ukrainian president signs formal request to join EU	news	0	0.97	public	24591	False	24591	1646068326.0	False	False	t3kh2m	False	hot	2022-02-28 20:57:24
107-year-old mother gives her 84-year-old daughter candy.	aww	0	0.94	public	32668	False	32668	1646068986.0	False	False	t3kq6s	True	hot	2022-02-28 20:57:24
"What parenting ""trend"" you strongly disagree with?"	AskReddit	0	0.9	public	22767	False	22767	1646049906.0	False	False	t3e2ub	False	hot	2022-02-28 20:57:24
GIVEAWAY: I'm giving away a Lost Ark Vanquisher Starter Pack on Steam ($64.99) to one comment in this thread.	lostarkgame	0	0.9	public	946	False	946	1646064883.0	False	False	t3j6ke	False	hot	2022-02-28 20:57:24
How to succeed in a money chamber	nextfuckinglevel	0	0.92	public	69863	False	69863	1646067668.0	False	False	t3k7u7	True	hot	2022-02-28 20:57:24
Transgender Texas kids are terrified after governor orders that parents be investigated for child abuse	politics	0	0.77	public	36500	False	36500	1646050125.0	False	False	t3e54q	False	hot	2022-02-28 20:57:24
Ukraine applies to join the European Union!	MadeMeSmile	0	0.89	public	120101	False	120101	1646066367.0	False	False	t3jq0a	False	hot	2022-02-28 20:57:24
Ran into the guy who ran into Alonso while walking his cat while i was walking at the place where the guy walking his cat met Alonso	formula1	0	0.95	public	10591	False	10591	1646073847.0	False	False	t3mmi4	False	hot	2022-02-28 20:57:24
"Ukrainian ambassador to the UN pretty much tells Putin to kill himself: ""If he wants to kill himself, he doesn't need to use nuclear arsenal. He has to do what the guy in Berlin did in a bunker in May 1945"""	interestingasfuck	0	0.89	public	153979	False	153979	1646064452.0	False	False	t3j0tu	True	hot	2022-02-28 20:57:24
President Zelensky, signing up an application for Ukraine's membership in the European Union	Damnthatsinteresting	0	0.93	public	62173	False	62173	1646063738.0	False	False	t3iqy3	False	hot	2022-02-28 20:57:24
Germany to produce 100% green energy by 2035 instead of 2050 thanks to Putin	wallstreetbets	0	0.94	public	24614	False	24614	1646064326.0	False	False	t3iz17	False	hot	2022-02-28 20:57:24
"Sat down on my friend's MacBook and broke it, offered to pay her the money for it but now she wants more because ""she was upgrading anyway"" so it's this or she will sue me in small claims court."	BestofRedditorUpdates	0	0.96	public	30066	False	30066	1646063045.0	False	False	t3ihkg	False	hot	2022-02-28 20:57:24
Banned from Swift	ProgrammerHumor	0	0.95	public	34282	False	34282	1646062843.0	False	False	t3iesi	False	hot	2022-02-28 20:57:24
Ukraine credits Turkish drones with eviscerating Russian tanks and armor in their first use in a major conflict	worldnews	0	0.98	public	25185	False	25185	1646069012.0	False	False	t3kqjx	False	hot	2022-02-28 20:57:24
What game have you played solely for the gameplay, and didn't really care for the story?	gaming	0	0.9	public	10576	False	10576	1646070460.0	False	False	t3laju	False	hot	2022-02-28 20:57:24
Harassed and arrested for organizing	antiwork	0	0.96	public	21542	False	21542	1646063193.0	False	False	t3ijn9	False	hot	2022-02-28 20:57:24
Russian invaders shooting civilians. Father was shot in front of his son's eyes. Ivankiv, Kyiv region.	PublicFreakout	0	0.93	public	48996	False	48996	1646059656.0	True	True	t3h9gu	True	hot	2022-02-28 20:57:24
Biden Administration Expands Sanctions Against Russia, Cutting Off U.S. Transactions With Central Bank	news	0	0.95	public	64766	False	64766	1646054609.0	False	False	t3fiyq	False	hot	2022-02-28 20:57:24
Alcohol	funny	0	0.82	public	33619	False	33619	1646062914.0	False	False	t3ifqx	False	hot	2022-02-28 20:57:24
"New statement of the President of Ukraine: ""When I ran for presidency, I said that each of us is the President. Because we are all responsible for our state. For our beautiful Ukraine. And now it turns out that each of us is a warrior"""	nextfuckinglevel	0	0.89	public	126414	False	126414	1646046123.0	False	False	t3d2ey	True	hot	2022-02-28 20:57:24
My local Thai restaurant dyed their sticky rice blue in support of Ukraine.	mildlyinteresting	0	0.94	public	21058	True	21058	1646063281.0	False	False	t3iksr	False	hot	2022-02-28 20:57:24
"The way a coworker ""decorated"" the lockers at work (!)"	Cringetopia	0	0.93	public	26741	False	26741	1646047837.0	True	False	t3di0g	False	hot	2022-02-28 20:57:24
Trump, Who Wanted to Withdraw the U.S. from NATO, Now Claims Credit for Its Existence	politics	0	0.94	public	13120	False	13120	1646065335.0	False	False	t3jcmr	False	hot	2022-02-28 20:57:24
In Finland and Sweden possible NATO membership campaign gathers momentum	europe	0	0.95	public	42043	False	42043	1646036172.0	False	False	t3ap3q	False	hot	2022-02-28 20:57:24
Please, a reminder not to target Russian Americans making a living or even just Russian citizens :(	awfuleverything	0	0.93	public	32199	False	32199	1646042194.0	False	False	t3c4au	False	hot	2022-02-28 20:57:24
Germany will accelerate its switch to 100% renewable energy in response to Russian crisis - the new date to be 100% renewable is 2035.	Futurology	0	0.94	public	59954	False	59954	1646046768.0	False	False	t3d8jp	False	hot	2022-02-28 20:57:24
Ukraine Creates IT Army of Volunteer Hackers and Orders Cyber Attacks on Russian Websites	tech	0	0.97	public	15948	False	15948	1646062623.0	False	False	t3ibu1	False	hot	2022-02-28 20:57:24
Oh shit, this tastes amazing, one more please!	Unexpected	0	0.93	public	17315	False	17315	1646065282.0	False	False	t3jbwz	True	hot	2022-02-28 20:57:24
[Pekka Jalonen] BREAKING: Inside information: #Russia and #Belarus will be thrown out of the International Ice Hockey Federation #IIHF in a couple of hours.	sports	0	0.98	public	13924	False	13924	1646062533.0	False	False	t3iap2	False	hot	2022-02-28 20:57:24
90s babies, are you okay?	memes	0	0.96	public	21428	False	21428	1646065557.0	False	False	t3jfkh	False	hot	2022-02-28 20:57:24
Updates from President Zelenskiy. [With English subtitles]	Damnthatsinteresting	0	0.91	public	56789	False	56789	1646048817.0	False	False	t3drbx	True	hot	2022-02-28 20:57:24
"Dr. Trimbath questioned: ""What are your thoughts on Citadel's financial statement released today? $65b of securities sold but not yet purchased?"" Answer: ""They were allowed to take your money and give you nothing."""	Superstonk	0	0.97	public	8635	False	8635	1646069953.0	False	False	t3l3fd	False	hot	2022-02-28 20:57:24
Ketchup Critics	ChoosingBeggars	0	0.94	public	65515	False	65515	1646016510.0	False	False	t34xie	False	hot	2022-02-28 20:57:24
Wavy clouds in Kentucky	blackmagicfuckery	0	0.96	public	22371	False	22371	1646061242.0	False	False	t3hubj	False	hot	2022-02-28 20:57:24
Ukraine President Zelenskyy signs application for EU membership	worldnews	0	0.96	public	50352	False	50352	1646065346.0	False	False	t3jcsh	False	hot	2022-02-28 20:57:24
Russia moment	WhitePeopleTwitter	0	0.93	public	98481	False	98481	1646044388.0	False	False	t3cn7h	False	hot	2022-02-28 20:57:24
Killer Smiles After Father Attacks Him For Killing His Daughter	iamatotalpieceofshit	0	0.96	public	23339	False	23339	1646060393.0	False	False	t3hj37	False	hot	2022-02-28 20:57:24
What do men think of the new(ish) trend of women ditching the hair dye and growing out their silver/grey hair? Since many people (men and women) start going grey in their 20's/30's, is it good that society is starting to normalise this? Would you encourage/support your partner in doing this?	AskMen	0	0.9	public	7858	False	7858	1646043236.0	False	False	t3cded	False	hot	2022-02-28 20:57:24
Russian soldiers surrendering to Ukraine will receive 5 million rubles worth of crypto	CryptoCurrency	0	0.9	public	26015	False	26015	1646029975.0	False	False	t391pz	False	hot	2022-02-28 20:57:24
Ukraine government raises over $10 million in cryptocurrency donations	technews	0	0.94	public	25128	False	25128	1646058676.0	False	False	t3gx2u	False	hot	2022-02-28 20:57:24
TIFU by letting my boyfriend pop a pimple and it almost killed me	tifu	0	0.87	public	22860	False	22860	1646025381.0	True	False	t37ptj	False	hot	2022-02-28 20:57:24
Yes, Ukrainian President Volodymyr Zelensky Did Voice Paddington, StudioCanal Confirms	movies	0	0.89	public	74187	False	74187	1646045675.0	False	False	t3cy47	False	hot	2022-02-28 20:57:24
Climate change causing widespread and irreversible impacts, says IPCC	science	0	0.87	public	33787	False	33787	1646046684.0	False	False	t3d7sm	False	hot	2022-02-28 20:57:24
Crowd turns on LeBron James as Los Angeles Lakers suffer embarrassing defeat	nba	0	0.96	public	6997	False	6997	1646053874.0	False	False	t3fajz	False	hot	2022-02-28 20:57:24
Jinx has had a winrate of ~51% with a pickrate of ~30% for at least 7 patches in a row now. Am I missing something?	leagueoflegends	0	0.84	public	3525	False	3525	1646050421.0	False	False	t3e8dp	False	hot	2022-02-28 20:57:24
What kind of vibes am I giving off	teenagers	0	0.77	public	2089	False	2089	1646062305.0	False	False	t3i7oo	False	hot	2022-02-28 20:57:24
A horrible human being	HolUp	0	0.95	public	12110	False	12110	1646068989.0	False	False	t3kq8l	False	hot	2022-02-28 20:57:24
Fuecoco : The End of Zodiac Theory	pokemon	0	0.96	public	16343	True	16343	1646060042.0	False	False	t3heo0	False	hot	2022-02-28 20:57:24
my incel coworker ranting to me about women on dating apps ghosting him. gee, i wonder why!	sadcringe	0	0.91	public	32395	False	32395	1646031476.0	False	False	t39g7j	False	hot	2022-02-28 20:57:24
